url,name,address,city,state,phone
https://www.bullmoosebookkeeping.com/,Results,"îƒˆ2374 Terri Ter, Delta Junction, AK 99737",Delta Junction,AK,î‚°(907) 895-5262
https://www.numberscountllc.org/,Results,"îƒˆ1402.5 Alaska Hwy Suite 215, Delta Junction, AK 99737",Delta Junction,AK,î‚°(907) 931-6686
http://www.jherrcpa.com/,Results,,Delta Junction,AK,î‚°(907) 622-0800
http://www.basslercpa.com/,Results,"îƒˆ801 W Fireweed Ln STE 202, Anchorage, AK 99503",Anchorage,AK,î‚°(907) 272-2041
http://www.centpac.net/,Results,"îƒˆ5050 Dunbar Dr STE D/E, Wasilla, AK 99654",Wasilla,AK,î‚°(907) 885-2735
http://www.diehl.cpa/,Results,"îƒˆ1150 S Colony Way #11, Palmer, AK 99645",Palmer,AK,î‚°(907) 313-6933
https://savageaccountinginc.com/,Results,"îƒˆ36439 Edgington Rd, Soldotna, AK 99669",Soldotna,AK,î‚°(907) 953-5994
http://www.rjgcpa.com/,Results,"îƒˆ1100 W Barnette St #102, Fairbanks, AK 99701",Fairbanks,AK,î‚°(907) 452-4156
http://www.akcpa.org/,Results,"îƒˆ2600 Cordova St #211, Anchorage, AK 99503",Anchorage,AK,î‚°(907) 562-4334
http://www.balancedcpas.com/,Results,"îƒˆ310 K St Suite 401, Anchorage, AK 99501",Anchorage,AK,î‚°(907) 522-5445
http://partnersforprogressindelta.org/,Results,"îƒˆ1696 N Clearwater Ave, Delta Junction, AK 99737",Delta Junction,AK,î‚°(907) 895-4605
